Year,Age Group,Consumption Ratio
2002,0-14 years old,8.66875122416088
2002,15-59 years old,39.5733315382702
2002,60 years old or older,4.57336306350282
2008,0-14 years old,5.95040481785407
2008,15-59 years old,40.8637201884788
2008,60 years old or older,5.72310368334212
2016,0-14 years old,5.51856787267534
2016,15-59 years old,42.0245920966284
2016,60 years old or older,7.09249882633889
